features,scores
[(tg-tx)^4]*1/[(tg-tl)^4],0.04916998178810121
(tg-tx)*1/(tg-tl),0.039827685248362124
[(tl-tx)^4]*1/[(tg-tx)^4],0.032736926779489445
[tg^4]*1/[(tg-tl)^4],0.021790252275629838
(tl+tx)*1/[tl^2],0.0215881781123995
[(tg-tl)^4]*1/[(tl-tx)^2],0.021371846509875062
[(tg-tx)^2]*1/[(tl-tx)^2],0.021281180725686154
(tg-tl)*1/(tg-tx),0.01810467536837566
[(tl+tx)^4]*1/[tg^3],0.01764177001023233
[(tg-tl)^4]*1/[(tg-tx)^4],0.01736985676976016
[(tg-tx)^4]*1/[(tl-tx)^4],0.015594890574735886
[(tl+tx)^4]*1/[(tg-tx)^3],0.014519622500427636
[tl^4]*[(tg-tx)^2],0.011959207729246558
[(tg-tl)^2]*1/[(tl-tx)^3],0.010594107473949788
[(tl+tx)^3]*1/[tx^2],0.010500693062222274
[(tg-tx)^2]*1/(tl+tx),0.010409652847549434
[tg^3]*1/[(tg+tx)^3],0.010216104536397317
[(tg+tx)^2]*1/[(tl-tx)^4],0.009974169821032162
[(tg-tl)^2]*1/[(tg-tx)^2],0.009657921109822965
[tl^3]*1/[(tg+tl)^3],0.00925121081554645
[(tg+tl)^4]*1/[(tg-tl)^4],0.008203987642128098
[(tl+tx)^2]*1/[tx^4],0.008086305584286971
[(tg+tx)^3]*1/[(tg-tl)^4],0.0075839003193666635
tg*1/[(tg+tx)^3],0.007063176653008686
[tx^3]*[(tl+tx)^4],0.006698397127323768
[(tl-tx)^4]*1/[(tg-tx)^2],0.0066504571460243335
(tl-tx)*1/[(tg-tx)^2],0.006083155166678406
1/tl*1/[tg^4],0.0059588559981913385
tl*1/(tg-tx),0.005904968358655327
[(tg+tx)^2]*1/[(tg-tx)^2],0.005707307810406083
[(tg-tx)^2]*1/[tx^3],0.005596205665110957
[tx^4]*1/[(tg-tx)^3],0.0054019690273681325
[(tg-tx)^3]*1/[tl^2],0.005241715436261122
[(tg-tl)^3]*1/[tg^2],0.0051705525269011765
1/(tg-tx)*1/[(tg+tl)^3],0.0051414979904871715
1/[tg^3]*1/[(tg-tl)^3],0.004882753304871756
[(tg+tx)^3]*1/[(tg+tl)^2],0.004854958773688652
1/[tx^2]*1/[(tg-tx)^3],0.00458711017886618
[tl^2]*1/[(tl+tx)^4],0.00448772171723628
[(tg-tx)^3]*1/[tg^4],0.004427387478064975
[(tg-tx)^3]*1/tx,0.004395410360657911
(tg+tl)*1/[(tl-tx)^4],0.004307734184700759
[tl^3]*1/[(tg+tx)^3],0.0042517817062598445
[(tg-tl)^3]*[(tl-tx)^2],0.0041480175224616195
1/[tx^4]*1/[(tg+tx)^4],0.004012464209011681
[(tl+tx)^4]*1/[(tg+tx)^2],0.003831278651882447
tx*1/tg,0.003825615359633446
(tl-tx)*1/(tg-tl),0.0037941173484868002
(tl-tx)*[(tl+tx)^3],0.0037690954080938873
[(tg-tl)^4]*1/[(tl+tx)^3],0.0037524198871045035
[tg^4],0.003686943198273051
[(tg-tx)^4]*1/[tg^3],0.0036668398774612173
1/[(tg+tl)^4]*1/[(tg-tx)^3],0.003458008485575513
[(tl-tx)^4]*1/[(tg-tl)^2],0.0033854105761254505
[(tg-tl)^4]*1/[(tg-tx)^3],0.003249908252480211
tg*1/[tx^4],0.0032369393738549794
[tg^2]*1/[(tg-tl)^2],0.0031732754032270574
[tg^4]*1/tg,0.0031583200632543714
1/[(tg+tl)^2]*1/[(tg-tx)^4],0.0031320597524644497
1/[(tg+tl)^2]*1/[(tg+tx)^4],0.003126243466672247
(tl-tx)*[tl^3],0.002947304372091849
[tx^4]*1/[(tg+tl)^2],0.002899126701044237
(tl-tx)*[(tl-tx)^4],0.0028920054500014268
[tl^4]*1/[tx^3],0.002854370326656777
[(tg-tl)^3]*[(tg+tx)^4],0.00279538892116031
[(tg-tx)^4]*1/[(tg+tl)^2],0.0027615106469950318
[tg^2]*1/(tg-tx),0.002738522649176892
[tx^4]*1/[(tg+tl)^3],0.002722110116848113
tg*1/[(tg-tx)^2],0.002674594068543401
[(tl-tx)^4]*1/[tg^4],0.0026124125703901294
[(tg-tx)^2]*1/[tx^2],0.0025279863715352642
[tl^4]*[(tg+tl)^2],0.0025179500617777207
[tl^3]*1/[(tl+tx)^4],0.0024871001494708384
(tl-tx)*1/[tg^3],0.0024632667595759594
(tg+tl)*[tx^4],0.002441916082778751
[(tg-tl)^2]*1/[tl^4],0.0024389409446636486
[(tl+tx)^3],0.002399529724189025
(tg+tx)*1/(tg-tx),0.0023827515294445357
(tg-tl)*1/[tg^2],0.0023218132280020303
tl*1/[(tg-tx)^4],0.002318607987894496
[(tg+tx)^4]*1/[tx^4],0.0022799986618007866
(tg+tx)*1/[(tl-tx)^3],0.0022791198725441945
[(tg-tx)^4]*1/(tl-tx),0.0021936646621054526
[tg^4]*1/[(tg+tx)^3],0.0021840931534315507
[(tg-tx)^4]*1/[(tl-tx)^3],0.0021692739585122468
[(tg-tl)^3]*1/[(tg+tx)^2],0.002160653935776561
[tx^3]*1/[tl^2],0.0021512197315158377
tl*[(tg+tl)^3],0.0021479390155891625
(tg+tl)*1/[tg^4],0.002136341519660338
[tx^3]*1/[(tg+tx)^2],0.0020927506376748695
[(tg+tx)^4]*1/tg,0.0020570748761345077
1/[(tl-tx)^2]*1/[(tl-tx)^3],0.0020422384599672254
1/[(tg+tl)^3]*1/[(tg-tx)^4],0.0020381147825847806
[(tg+tx)^4]*[(tg-tx)^2],0.002033938022287361
[(tg+tl)^4]*1/[(tg-tl)^2],0.0020248902571824395
1/[tl^4]*1/[(tg-tl)^2],0.001997228278031247
[(tg+tl)^4]*[(tl-tx)^3],0.001978326538835332
1/tg,0.001972099114588642
[(tg-tx)^2]*1/[tl^2],0.0019543491791396785
[(tg-tx)^2]*[(tl-tx)^4],0.0019304395965377096
1/[(tg+tl)^3]*1/[(tg-tl)^3],0.0018925696296335144
[(tl-tx)^4]*1/(tg-tx),0.0018775168955420612
(tl-tx)*[(tg+tl)^4],0.0018744468399983017
[tg^3]*[tl^3],0.0018391264236428053
[(tg-tl)^4]*1/[(tl-tx)^4],0.0017818471094436863
[(tl-tx)^2]*1/[(tg-tx)^3],0.0017553137331320714
[(tg+tx)^2]*1/[(tl+tx)^3],0.00173084293410062
tl*1/tx,0.0016996075246203208
[tl^2]*1/[tl^3],0.0016889213940908749
(tl+tx)*1/[(tg-tl)^2],0.0016871865220852652
tl*1/(tg+tx),0.001679409165708831
tg*1/[tx^2],0.0016770007847586909
[(tg+tx)^3]*1/[(tl+tx)^2],0.001669924210696791
1/(tg-tx)*1/[tg^2],0.0016625698930028616
[tg^4]*1/[tx^3],0.0016428433473866103
1/[(tg+tl)^2]*1/[(tg-tx)^3],0.0016342559347120617
(tg-tl)*1/[(tg-tx)^3],0.0016232256929174852
[tx^2]*1/[(tl-tx)^4],0.0015934187015334473
tg*[(tg+tl)^2],0.0015754868929698594
1/[(tg+tl)^2]*1/[(tg+tx)^2],0.0015662796525939594
[tx^4]*[(tg-tl)^4],0.0015610370330269559
[tx^2]*[(tg-tx)^3],0.0015493714802632657
[tx^2]*[(tg-tl)^2],0.0015392841797136263
1/tl*1/[(tg+tl)^2],0.0015256660970154276
[tg^3]*1/[tl^4],0.0015191619145517028
(tg-tl)*1/(tl-tx),0.0014767927497523771
[(tg-tl)^2]*[(tl-tx)^2],0.0014706306002103028
1/(tl-tx)*1/[(tg-tx)^4],0.0014703117246947228
[tl^4]*1/tx,0.0014694620226839267
[(tg+tx)^4]*1/[(tl+tx)^2],0.0014685548918898746
[(tg-tx)^2]*1/[(tl-tx)^4],0.0014675327107115416
1/[tl^3]*1/[tx^4],0.0014661529452088561
(tl-tx)*[tl^4],0.0014584432544160885
[tl^4]*1/[(tg+tx)^4],0.0014482187251133923
(tg+tx)*[tx^2],0.0014411904668807033
[tl^4]*1/[tg^3],0.0014364626032290285
[tx^4]*1/(tg-tx),0.0014261995977644516
[(tg+tl)^3]*1/[tx^4],0.0014253405907549339
[tg^2]*1/[(tg-tx)^2],0.0014177993272605968
(tg+tl)*1/tg,0.0014170948437245998
[(tg+tx)^2]*[(tl-tx)^3],0.0014143975395063684
[(tg+tl)^4]*[(tg-tx)^3],0.001400194789632237
[tg^2]*1/[tx^2],0.001392239219612813
[(tg-tl)^2]*1/[tg^3],0.0013805223021742302
[tl^2]*[(tg-tx)^2],0.0013790434595974683
[(tg+tl)^3]*1/[tg^2],0.001370352443735966
[(tg-tx)^3]*1/[(tl-tx)^2],0.0013681459259350147
1/[(tg-tl)^3]*1/[(tg-tl)^4],0.001362534111934771
(tg+tx)*1/tl,0.0013601621465095593
1/[tg^4]*1/[(tl+tx)^4],0.0013362222319118853
[(tg+tx)^3]*1/[tx^4],0.0013356248134132618
[(tl+tx)^3]*1/[(tg-tl)^3],0.0013294228633582742
1/[(tg-tl)^3]*1/[(tg+tx)^4],0.0013249084828820417
1/(tg-tl)*1/[(tl-tx)^3],0.0013134419236340573
[(tl+tx)^2]*1/[(tg+tx)^4],0.0012976919259522514
[(tg-tx)^4]*1/[(tl-tx)^2],0.0012894695083027574
[(tg+tl)^2]*1/[tl^3],0.0012790236698025804
[tg^2]*1/[(tl+tx)^4],0.0012783870432071748
[(tg-tl)^4]*1/[(tg+tx)^2],0.0012772021832764913
(tg-tx)*1/[(tl-tx)^4],0.0012660178452250088
[tg^4]*[(tl+tx)^2],0.0012656378852853344
[(tg+tx)^3]*1/[(tg-tx)^2],0.001258442414065228
[tx^2]*1/[(tg+tl)^4],0.0012523898599131047
[(tg-tl)^3]*1/[tx^4],0.001251020643567334
(tl+tx)*[(tg+tl)^4],0.0012458536923674378
[(tg+tl)^4]*1/[tg^2],0.0012438019549541452
1/(tl-tx)*1/[(tg-tl)^2],0.0012423072459572552
[(tg-tl)^3]*1/[(tl-tx)^4],0.0012403204778228614
[(tg+tl)^3]*[(tl-tx)^2],0.0012358864063429168
(tg-tx)*[(tg-tx)^3],0.0012056188542640945
[(tg+tl)^4]*1/[tl^4],0.0011946909180929922
[(tg+tx)^2]*1/[tx^4],0.0011893371709412964
[(tg-tl)^4]*1/[(tg+tx)^4],0.0011596584712648707
[tx^3]*1/tl,0.0011300631265192226
1/(tg+tx)*1/[(tg+tl)^2],0.001125630879347756
1/[(tg+tx)^3]*1/[(tl-tx)^2],0.0011224535407962873
[(tg+tx)^2]*1/[(tg+tl)^2],0.0011205383205558843
1/[tl^3]*1/[(tl-tx)^2],0.001114292582551584
[tg^4]*1/[tg^4],0.0011089095362987482
1/[(tg+tl)^3]*1/[(tl+tx)^4],0.0011049197856602864
[(tg+tx)^3]*1/[tl^3],0.001100924437633904
1/(tg+tx)*1/[(tg+tl)^4],0.001098358360786517
1/[(tl+tx)^3]*1/[(tl-tx)^3],0.0010949458773552327
[(tl+tx)^2]*1/(tg+tx),0.0010910855313506656
1/[tx^3]*1/[tx^4],0.0010899753708811125
[(tg-tx)^4]*1/tl,0.0010849844365245342
(tg+tl)*[tg^4],0.0010834238721113903
(tg-tl)*(tl+tx),0.0010636846780867771
[(tg-tx)^2]*1/[(tg+tx)^3],0.001057142593614301
[(tl+tx)^4]*1/[tg^2],0.0010521389482950837
[(tg+tx)^4]*1/[(tg-tl)^3],0.00104607598288356
[tx^3]*1/[tg^4],0.001045833288246198
[(tg+tl)^2]*1/(tg-tx),0.0010266765376040986
[tx^4]*1/[(tg+tx)^2],0.0010216185288243907
1/tl*1/(tg-tl),0.0009972589166473218
[tl^4]*1/(tg+tx),0.0009971305402701048
(tg-tx)*[(tg+tx)^2],0.0009969454502038793
[tg^3]*1/[(tg+tl)^3],0.0009817129342866535
[(tl-tx)^3]*1/[(tg-tx)^4],0.0009724946514124254
1/[tg^4],0.0009470200052621516
[(tl-tx)^4]*1/(tg+tl),0.0009316775322035308
1/(tg+tx)*1/(tl-tx),0.0009276753379681222
1/(tg-tl)*1/(tl-tx),0.0009225212968037985
[tl^2]*[(tg-tl)^2],0.00092029605410913
[(tg+tx)^4]*1/[tx^2],0.0009033629969154891
[(tg-tl)^3]*1/[tx^3],0.0008989514563380056
[(tl-tx)^3]*1/[tg^3],0.0008986341467047776
1/[(tg+tl)^3]*1/[(tg-tx)^2],0.0008967156879349996
[(tg-tl)^4],0.0008889143859087744
[(tl+tx)^2]*1/[tg^4],0.0008814883860951429
[(tl-tx)^4]*1/tx,0.000879141856105255
tg*1/[tx^3],0.0008742632447588081
[(tg+tx)^3]*1/(tl-tx),0.0008726004253927739
[tg^2]*[tl^3],0.000856922568126613
1/(tg+tx)*1/[tl^2],0.0008552350281045254
1/[(tg+tx)^2]*1/[(tl-tx)^3],0.0008550549598878814
[tg^3]*1/[(tg-tl)^3],0.0008542262065964829
[tl^4]*1/[(tg-tx)^2],0.0008529069986725549
(tl-tx)*1/[(tg-tl)^2],0.0008279630792208914
(tg+tx)*1/[tx^2],0.0008271716575875054
(tg+tx)*[(tg-tl)^3],0.0008270863088946752
[tl^3]*1/[(tg-tl)^2],0.0008255890481213481
[(tl+tx)^4]*1/tg,0.0008245289270529311
[(tg-tl)^2]*[(tl-tx)^4],0.0008237053325558602
1/[tl^3]*1/[(tg-tl)^2],0.0008196368248897973
[(tg-tx)^4]*1/[tx^2],0.0008175103325896208
1/[(tg-tl)^2]*1/[(tl+tx)^2],0.0008154401781347375
1/[tl^4]*1/[(tg-tx)^3],0.0008136856306591857
[(tg+tl)^4]*1/(tg-tx),0.0008109151614002812
[tl^2]*[(tl+tx)^3],0.0008095576589038495
[tl^3]*1/[(tl+tx)^3],0.0008060916713653617
(tl+tx)*1/tl,0.000794623399835537
(tg-tx)*1/[(tl-tx)^3],0.0007863516574257462
1/(tl-tx)*1/[(tl+tx)^3],0.0007828609952083962
[tx^2]*1/tg,0.0007827731988651754
[tl^3]*1/[tl^4],0.0007806877593265643
[tl^3]*[(tg+tl)^4],0.0007778993988146832
[(tg-tl)^2]*1/[tl^2],0.0007775703565433968
(tg-tl)*[tg^4],0.0007670937674362401
[(tg-tl)^2]*1/[tx^4],0.0007652743422079476
1/[(tg+tl)^2]*1/[(tl-tx)^4],0.0007605811733147193
[tx^3]*[(tl-tx)^2],0.0007578459924873355
[tl^4]*1/[(tg-tl)^2],0.0007511151848945648
1/(tl-tx),0.0007447641113406772
[tl^4]*1/[(tg-tl)^3],0.0007438067807050022
[(tg-tl)^3]*1/[(tl+tx)^2],0.0007389562126575743
(tg-tl)*(tg-tx),0.0007347089519419345
[tl^2]*1/tx,0.0007332046650966894
[(tg+tx)^3]*1/[(tg-tx)^4],0.0007302880364704861
1/(tg+tx)*1/[tg^2],0.000725226870736266
[tl^4]*1/[tl^3],0.0007234990140829538
1/[(tg-tx)^3]*1/[(tl-tx)^3],0.0007234787549771267
1/[tg^2]*1/[tg^4],0.0007204896458920664
[(tl+tx)^4]*1/[tg^4],0.0007185685865130548
tl*1/[(tg-tl)^4],0.0007142883088198985
tg*tl,0.0007136850802657556
(tg+tl)*[(tg-tx)^4],0.000710647208324098
(tl-tx)*1/[(tg-tl)^3],0.0007064918908800828
[(tg+tx)^4]*1/[(tg-tx)^2],0.0007048759535494819
1/[(tg+tl)^4]*1/[(tg-tx)^4],0.0006988948628812549
tl*1/(tl-tx),0.0006958590114764196
[tl^4]*1/[tx^2],0.0006957672335036646
[(tl-tx)^4]*1/(tl-tx),0.0006933735074791305
1/[tg^3]*1/[(tl+tx)^4],0.0006924068438726406
[tl^3]*1/[(tg-tx)^2],0.0006905111308016957
tx*1/[(tl-tx)^2],0.00067994189268578
1/(tg+tx)*1/[(tg+tl)^3],0.0006768276193273543
[(tg-tl)^4]*1/[tx^2],0.0006715211938692274
tg*1/[(tg+tl)^2],0.0006710068908485037
1/(tl-tx)*1/[(tl-tx)^3],0.0006572209791274454
(tl-tx)*1/[(tg+tx)^4],0.0006532405411583025
[(tg-tl)^4]*1/[(tg+tx)^3],0.0006459912539212874
[tl^2]*1/[(tg+tl)^4],0.0006453830627377827
[tx^4]*[(tg-tl)^3],0.0006397080422803312
[tg^3]*[(tl+tx)^2],0.0006375562102299241
[tl^4]*1/(tg-tl),0.0006336753810901952
[tl^3]*1/[tx^4],0.0006331083371812676
(tg-tx)*[(tg-tl)^4],0.0006327382923219726
(tg-tl)*1/[(tg+tl)^4],0.000632038044282121
[tg^3]*1/[(tg+tl)^4],0.0006318287466984972
[tg^4]*1/[(tg-tx)^2],0.0006303469563345903
(tg-tl)*1/[tl^2],0.0006295010899931629
[(tg-tx)^3]*1/(tg+tl),0.0006266199816990557
tl*1/[(tl+tx)^2],0.0006219922247440722
(tg-tx)*1/[(tg-tl)^2],0.0006198681009250386
[(tg-tx)^3]*1/[(tg+tl)^3],0.0006190936142207365
(tl-tx)*1/[(tg-tx)^4],0.0006178977281119615
1/[(tl-tx)^4],0.0006146458374375865
[tl^2]*[(tg-tx)^4],0.000612922169813113
[tx^2]*1/tx,0.0006101757863691521
1/(tl-tx)*1/[tl^2],0.0006097388326884154
[(tl+tx)^3]*1/(tg+tl),0.0006047928923676267
1/[tx^4]*1/[(tl-tx)^3],0.0006040729140269818
[(tg+tl)^2]*[(tg-tl)^2],0.0006029803206653592
[(tg+tl)^4]*1/[tx^4],0.0006000287221010601
[(tg-tl)^2]*1/[tg^4],0.0005982112309541949
[(tg+tx)^4]*1/[(tg+tx)^3],0.0005978271656696611
[tg^4]*1/[(tg-tx)^3],0.0005964275496793042
1/[(tg+tl)^3]*1/[(tl-tx)^3],0.0005955891358852835
[(tg-tx)^3]*[(tl+tx)^2],0.000585274053874706
[(tg-tx)^4]*1/[tg^2],0.0005811031341143555
[(tg-tx)^3]*[(tl+tx)^4],0.0005770908677858646
[(tg+tx)^3]*[(tg-tx)^3],0.000574260090504266
[(tl-tx)^2]*1/(tg+tl),0.0005709057292413523
[(tl+tx)^4]*1/(tl-tx),0.0005704593155916858
[(tl-tx)^2]*[(tl-tx)^4],0.000569269645655149
1/(tg-tl)*1/(tl+tx),0.0005685122700974285
1/[(tg-tl)^4]*1/[(tl-tx)^2],0.0005673205682423862
[tx^4]*1/[(tl+tx)^3],0.0005642962279162533
[tg^3]*1/[tg^4],0.0005597461791388562
[(tl-tx)^4]*1/[(tg-tl)^4],0.0005584682346420423
[(tg-tl)^3]*1/[(tg+tx)^3],0.0005577076124932215
[tl^4]*[(tg-tl)^2],0.0005539450002470939
[tl^2]*1/[(tl+tx)^3],0.0005529821160873702
[tg^3]*[(tg-tx)^2],0.0005468286004658725
[tg^4]*1/[(tl-tx)^2],0.0005451831633616392
[(tg-tl)^3]*1/[(tg-tx)^4],0.0005428566964559012
[(tg+tl)^3]*1/tx,0.0005406624770853912
(tg-tl)*1/[tl^3],0.0005395209340170735
(tg+tl)*[(tg-tx)^2],0.0005358809176945165
[(tl-tx)^2]*1/[(tg-tx)^2],0.0005247371543447319
[(tg-tl)^4]*1/tg,0.0005231376788905063
[(tl-tx)^3]*1/[(tg-tl)^2],0.0005224932393165687
[tx^2]*1/[(tg+tl)^2],0.0005220732448678308
1/(tl+tx)*1/[(tg+tx)^2],0.0005210291650348869
[tl^4]*1/[(tg+tl)^3],0.0005193796485989411
[(tl-tx)^2]*1/[(tg+tl)^4],0.0005192671027298723
[(tg+tl)^2]*[(tl+tx)^2],0.0005191648634231138
[tx^3]*1/(tg+tl),0.0005191031240179047
tx*1/[(tg+tx)^2],0.0005144578785444988
(tg-tx)*1/[tl^3],0.0005140458863197819
(tg+tx)*1/[(tl+tx)^3],0.0005135208187927227
[(tg-tx)^2]*1/[tg^4],0.0005095717802560166
1/(tg-tx)*1/[(tg+tx)^4],0.0005093257813752997
1/tl*1/(tl+tx),0.0005085130466270554
tx*1/[(tg+tl)^2],0.0005070069385503249
1/[tx^4]*1/[(tl+tx)^3],0.0005043865580528989
[tl^4]*1/(tl+tx),0.0005042492499569244
1/tx*1/[tl^4],0.0005040116982519969
[tg^2]*[(tg-tx)^3],0.0004989441113180503
[tl^2]*1/(tl-tx),0.0004962382768002177
[(tg+tl)^2]*1/(tl+tx),0.0004961354538289675
[tx^2]*1/[tx^3],0.0004950196559770545
[(tg+tl)^4]*1/[tg^3],0.0004945517531428825
[tg^3]*[(tl-tx)^3],0.0004929328537799242
[tx^2]*[tx^4],0.0004915370756157662
[(tg+tx)^2]*[(tl+tx)^4],0.0004896511233362742
[(tg-tx)^2]*1/tx,0.0004848872093561172
[tl^2]*1/[(tg+tx)^3],0.00048446573075520326
[tg^3]*1/(tg+tl),0.0004838469709889849
[tx^4]*1/(tl-tx),0.00048171228864359874
[(tg-tx)^3]*1/[(tl+tx)^2],0.0004744705372255388
[(tg-tl)^4]*[(tl-tx)^2],0.0004719684870648604
[(tl-tx)^2]*1/[(tg+tx)^2],0.00047102808600525204
1/(tg-tl)*1/[(tg-tl)^2],0.0004664899615453524
tl*(tg+tl),0.0004646935937112536
[tx^3]*1/[(tg+tl)^3],0.0004635084113405685
tx*[(tg-tl)^2],0.0004600190947660051
[(tg+tx)^3]*1/[(tg+tl)^4],0.00045843215750031194
(tg+tl)*1/[(tl-tx)^3],0.000457592524998355
1/(tl+tx)*1/[tx^2],0.00045707773859323856
[(tl+tx)^4]*1/tx,0.0004541243562893721
tg*[(tl-tx)^2],0.0004531535689944187
(tg+tx)*1/[(tg+tl)^3],0.0004530671068995519
[(tg-tx)^4]*1/[(tg-tl)^3],0.00045211413751308945
(tl+tx)*1/[tl^4],0.00045021324764617216
[(tg-tl)^2]*[(tg-tx)^3],0.00044709136580490437
[(tg+tl)^4]*[(tg+tx)^2],0.0004449332685177255
[tg^4]*[(tg-tl)^2],0.00044280576180190346
[(tg-tl)^4]*1/[(tg+tl)^2],0.00044241023920102467
[(tg+tx)^3]*[(tg-tx)^2],0.00044198011833417543
[tx^4]*[(tl-tx)^2],0.0004366479430716157
1/(tl-tx)*1/[(tg+tx)^3],0.00043311754163153076
1/[tl^2]*1/[(tl+tx)^3],0.00043305101866125554
1/[(tg-tl)^3]*1/[(tl-tx)^2],0.0004322743357835307
[(tg-tx)^3]*1/(tl-tx),0.0004321601154033007
tx*1/[(tl+tx)^4],0.0004295691639854815
1/(tl-tx)*1/[(tg-tx)^3],0.00042929682259554573
[(tg-tx)^3]*1/[(tl-tx)^4],0.00042889215727741776
1/(tg+tl)*1/[tl^3],0.0004256036403387766
[(tl-tx)^2]*1/(tg+tx),0.0004251477688278734
[tg^2]*[tx^2],0.0004225818366031056
[(tg+tx)^4]*1/[tl^4],0.000421436179342333
1/(tg+tl)*1/[(tl-tx)^4],0.00041785133080755166
(tg+tx)*[(tl-tx)^2],0.0004170698745122773
1/[(tg-tx)^2]*1/[(tl+tx)^3],0.00041410228745007233
[(tg+tl)^3]*[(tg-tx)^3],0.00041380356699995493
1/(tl-tx)*1/[(tg+tl)^2],0.0004134344922070392
1/[tg^4]*1/[tl^4],0.00041187571559990845
tx*1/[(tg-tx)^4],0.00041038612098496526
[(tl-tx)^2]*1/[(tg+tx)^4],0.00041030382847460917
tg,0.00040984713254275403
[tg^3]*1/[(tg-tl)^2],0.0004096028172374944
tl*[tx^3],0.0004094627057209204
1/(tg+tl)*1/[(tg-tx)^3],0.0004040110226514363
1/tx*1/[(tl+tx)^4],0.0004040074081409367
[(tg-tx)^4]*1/[(tg-tl)^2],0.00040339733652136855
(tg+tl)*1/tx,0.0004022561547568025
[tl^2]*1/[tx^4],0.00039737457192430667
tl*[(tg+tx)^3],0.0003947394454712715
[tx^2]*1/(tg-tl),0.00038793374245227785
1/[(tg-tx)^3]*1/[(tl-tx)^4],0.0003858869936746068
(tl-tx)*[tg^2],0.0003858089236086519
[tx^2]*[(tg-tx)^2],0.0003854988078198513
(tl-tx)*[tx^4],0.0003849617681141767
tl*1/[(tg+tx)^2],0.0003841615933912263
[tx^3]*1/[(tl+tx)^2],0.0003827330864381538
[(tl-tx)^3]*1/[(tg+tx)^3],0.00038192219239457063
1/(tl+tx)*1/[(tg+tl)^4],0.00038099699645364804
[(tl+tx)^2]*[(tl-tx)^2],0.00038062525260992874
tg*1/[tl^3],0.0003797137942656113
tg*[(tg+tx)^2],0.00037771308457796747
[(tg+tx)^2]*1/[tl^2],0.0003713053465736075
[tl^3]*[tx^2],0.00037091795847720474
(tg+tx),0.00036835598053612474
[(tg+tx)^2]*1/[tx^2],0.0003682483983052714
[(tl+tx)^2]*1/[(tg+tx)^2],0.00036469115050765733
(tl-tx)*[(tg+tl)^2],0.0003644011569677802
[(tl-tx)^4],0.0003636924578396872
[tg^4]*1/[tl^3],0.0003610234466799308
1/(tg+tl)*1/[(tg+tl)^2],0.0003607382486179171
(tl-tx)*[(tg+tl)^3],0.0003603236658996325
[tl^2]*[tl^3],0.0003562138171374875
[tl^3]*1/[tg^2],0.0003535394288670425
[(tg+tl)^2]*1/(tg+tx),0.0003490557533090768
[(tg+tx)^3]*[(tg-tx)^4],0.00034337884511006757
[tg^3]*1/[tl^3],0.00034232170113915843
1/(tl+tx)*1/[(tg-tx)^3],0.0003372961194300587
(tg+tx)*[tl^3],0.0003352940870132858
[tx^4]*1/(tg+tl),0.00033231843071764554
[(tg+tl)^2]*1/[(tg-tl)^3],0.0003313470352851191
1/[tl^3]*1/[(tg-tx)^2],0.00032933933664381075
(tl+tx)*1/[(tg-tx)^3],0.00032368515777436035
1/[tx^3]*1/[(tg+tx)^4],0.00032312658211203996
1/(tg+tx)*1/[(tl+tx)^3],0.00032307534052691453
[tg^2]*[(tg+tx)^4],0.0003230236423132242
[tx^4]*1/[(tg-tx)^2],0.0003227638067644438
1/[tx^2]*1/[(tg-tl)^3],0.0003215184161798823
1/[(tg-tx)^4]*1/[(tl-tx)^2],0.0003205819430020095
1/tg*1/[(tg+tl)^2],0.00031920082350970195
(tg+tl)*1/[tg^3],0.00031849434630326737
tl*[(tl-tx)^4],0.0003172998299130742
[(tg+tx)^2]*1/[(tg+tx)^3],0.00031174277345500273
[tg^2],0.00031050311704843616
[tg^2]*1/[(tg-tx)^4],0.0003089689639526427
[(tl-tx)^3]*1/[(tg+tx)^2],0.00030885873788614733
[tx^2]*1/(tg+tl),0.000307581338329821
tl*(tg-tx),0.00030732828894360943
[tg^2]*1/(tg+tx),0.00030646500461710673
(tl+tx)*1/[(tg+tx)^3],0.0003046315111946886
[(tg+tl)^2]*1/[(tg-tx)^3],0.00030455813545129647
[(tg-tx)^4]*1/[(tg+tl)^4],0.00030250869694733366
(tg+tl)*1/[tl^2],0.00030169539166082323
tl*[tl^4],0.00030113881403000156
[(tg-tl)^3]*1/(tl-tx),0.0003010093785287195
1/[tx^3]*1/[(tg-tl)^3],0.0003005977169013317
(tg-tx)*1/(tl-tx),0.0002992753520223211
(tg+tl)*1/[tx^2],0.0002988420816586887
[(tg+tl)^2]*[(tl-tx)^4],0.000297377000644706
1/(tg+tl)*1/(tl+tx),0.00029332577165602265
[(tg+tl)^3]*1/[(tl-tx)^4],0.0002917614387960139
1/[tg^2]*1/[tg^3],0.0002910618939228628
1/(tg-tx)*1/[(tl+tx)^2],0.0002906595303168226
1/(tg-tl)*1/[tx^2],0.0002896036289824793
(tg-tx)*1/[(tl-tx)^2],0.0002892222031530777
[(tg-tx)^2]*1/[tl^3],0.00028468525911962464
(tg-tx)*1/[(tg+tx)^2],0.0002823963699778397
[(tg-tx)^4]*1/[(tg+tl)^3],0.0002788584257950955
[tx^2]*1/[(tl+tx)^3],0.0002786406313382525
(tg-tl)*1/[(tl-tx)^2],0.00027679738006568445
[(tg-tx)^4]*[(tl+tx)^3],0.00027554041005109254
[(tg-tx)^2]*1/[tx^4],0.000275084056096908
[(tg-tx)^4]*1/(tl+tx),0.00027214441571127507
1/[tx^4]*1/[(tl-tx)^4],0.00027133299273206934
1/[(tg-tl)^3]*1/[(tl-tx)^4],0.000268830700041671
[(tg-tl)^3]*1/(tg-tx),0.0002680948701742005
[tg^2]*1/[(tg-tl)^4],0.0002671975589669343
[tl^2]*1/tl,0.0002663785482332291
1/tg*1/(tl-tx),0.00026620457832138555
[tg^3]*1/[tl^2],0.0002644729701522645
(tg+tx)*[(tg-tx)^4],0.0002635086139467474
tl*[(tg+tl)^2],0.0002632155601994963
[(tg+tl)^4]*1/[tx^3],0.00026222579342888454
1/(tl-tx)*1/[tl^4],0.0002609591744394198
[(tg-tx)^2]*1/[(tg+tx)^4],0.0002606410539868173
[(tl+tx)^4]*1/[(tl+tx)^4],0.0002602464338336165
[(tg+tl)^2]*1/[(tg+tx)^3],0.0002594173336102703
[tg^2]*[(tl-tx)^4],0.00025886308048264276
(tl-tx)*1/[(tl-tx)^2],0.00025592627818657324
[tl^2]*[(tl-tx)^2],0.0002533762187994537
[(tl+tx)^3]*1/[(tg-tx)^2],0.0002533326209546713
[(tg+tl)^3]*1/[(tg-tx)^4],0.0002532523943375623
[tg^3]*1/[tg^2],0.00025281071516520864
(tl+tx)*1/(tg+tl),0.00025184379983555827
[(tl+tx)^2]*1/[(tg-tx)^2],0.00025167370252229235
[(tg+tl)^3]*1/[tg^3],0.0002509063158446588
[tl^2]*1/tg,0.0002494284836802231
tg*1/[(tg+tl)^4],0.0002480995381431744
[(tl+tx)^2]*1/[tg^2],0.0002479403746821169
[(tg-tx)^4]*1/[tx^3],0.0002469252969949526
(tg-tx)*1/[(tg-tl)^3],0.00024657300543242376
[(tg-tl)^2]*1/(tl-tx),0.0002456486186370563
(tl-tx)*1/[tx^3],0.00024338828621763372
[(tg-tx)^4]*1/[(tg-tx)^4],0.00024292028350574084
[(tg+tl)^3]*1/[(tg+tx)^2],0.0002420281485968932
(tl-tx)*[(tg-tx)^4],0.0002413285350185669
1/[tx^2]*1/[(tg+tx)^3],0.0002386612131064978
[tg^2]*[(tg-tl)^2],0.00023810272383111586
[(tg+tl)^2]*[(tg+tl)^4],0.00023749694626615798
[(tg-tx)^4]*[(tl+tx)^4],0.0002374895401638472
tl*1/[(tl-tx)^2],0.00023682031007592162
[(tg+tl)^4]*1/[(tl+tx)^4],0.00023610998619713448
1/tx*1/(tl+tx),0.00023553405973789597
[(tg-tx)^4]*[(tl-tx)^2],0.00023538773467002172
1/tl*1/[(tl+tx)^2],0.00023532873642842405
tx*1/[tl^4],0.00023462218977861378
1/(tg+tx)*1/[(tg-tl)^3],0.00023426309682181786
1/[(tg+tl)^2]*1/[(tl+tx)^2],0.00023381217086844262
[(tg+tx)^4]*1/[(tl-tx)^4],0.00023340376451906755
[(tg-tl)^4]*1/[tg^2],0.00023339961353436548
[(tg-tl)^2]*[(tl+tx)^4],0.00023134790815876666
[tx^4]*1/(tl+tx),0.00022956392424113156
[tx^4]*1/tg,0.00022896048007985708
1/(tl+tx)*1/[(tg-tx)^4],0.00022850406027251125
[tl^4]*[(tl+tx)^2],0.00022725920597153846
[tg^4]*[(tl-tx)^3],0.00022609761564334276
1/[tl^4]*1/[tx^3],0.00022604782236250952
(tg+tl)*[(tg+tx)^2],0.00022590795976346536
[tg^3]*[(tl+tx)^3],0.00022566486631134556
[(tg-tx)^3]*1/[tx^3],0.00022556489223784308
[(tg-tx)^2]*1/[(tg-tx)^3],0.0002241398233501728
[tl^3]*1/(tg+tx),0.0002234702481064987
1/(tg-tl)*1/[(tg+tl)^3],0.00022164519768268193
[(tg-tl)^4]*1/[(tg+tl)^3],0.00022136859742344334
tl*1/(tg-tl),0.00022074195539004832
[(tg+tl)^3],0.00022065821509757009
[(tg+tl)^2]*1/[tg^4],0.00022006341799414678
(tg-tl)*1/[(tl+tx)^4],0.0002190050887790103
[(tl+tx)^3]*1/[(tg+tl)^2],0.00021799380609884873
[(tg+tx)^2]*[(tg-tx)^2],0.00021651902997385267
[(tg-tx)^2]*1/[(tl+tx)^4],0.0002162903173324148
[(tg-tl)^3]*[(tl+tx)^2],0.00021561336926401856
1/[(tg-tl)^2]*1/[(tl-tx)^3],0.0002149876254633165
1/[(tg+tl)^4]*1/[(tl+tx)^2],0.00021231900582893603
(tg-tx)*[tl^2],0.00021086258714139613
1/tx*1/[tl^2],0.0002090738793702117
1/(tg-tx)*1/[(tg+tl)^4],0.00020897290346654778
(tg-tx)*[(tg+tx)^3],0.00020876987817701652
(tl-tx)*[(tg-tl)^4],0.00020808525400942523
[(tg-tl)^2]*1/[tl^3],0.00020803756211391455
[(tg+tx)^3]*1/[(tg-tl)^2],0.00020752078245354672
[tx^4],0.00020711140089068616
tx*1/(tg+tl),0.00020703865133752118
[(tg-tx)^4]*[(tl-tx)^3],0.00020582691920712883
[(tl-tx)^2]*1/tx,0.0002057943635916053
(tl-tx)*1/[(tg+tl)^3],0.00020564909082579458
1/(tg+tx)*1/[tg^4],0.00020140782222661271
[(tg+tx)^4]*1/[(tg-tx)^3],0.00020046117006521384
[tl^3]*1/[(tg-tx)^4],0.00020007230395601862
[(tg-tl)^4]*1/[tl^2],0.00019965044120714753
[tx^2]*[tx^3],0.00019848031704850636
tl*1/[(tl-tx)^3],0.00019828823313344402
[(tl-tx)^3]*1/[(tg-tl)^4],0.00019789395691633522
1/[tg^2]*1/[(tl+tx)^3],0.00019760766491994967
1/[(tg-tx)^3]*1/[(tl+tx)^2],0.0001972934251235572
1/tl*1/(tl-tx),0.00019723125008936658
tl*1/[(tg-tl)^2],0.00019717678961136425
[tx^2]*1/[tg^3],0.00019638269811605573
(tg+tx)*(tl-tx),0.00019510263415784497
1/(tl-tx)*1/[tl^3],0.0001923480191760435
[tx^4]*1/[(tl-tx)^4],0.00019190920583085237
1/(tl+tx)*1/[(tg+tx)^3],0.0001918631358548994
tl*1/[(tg+tx)^3],0.0001908789407677485
[tl^3]*[(tg+tx)^4],0.00019044975927112842
[(tl-tx)^4]*1/[(tl-tx)^2],0.00019023887088082735
(tl-tx)*[tg^4],0.00019007200828769223
1/[tg^3]*1/[(tl-tx)^2],0.00018898597722948022
[tx^3]*1/(tg-tl),0.0001883569537229896
[(tg+tl)^2]*1/[tl^4],0.00018831380577323883
[(tg+tx)^4]*1/(tg+tx),0.00018791481292184815
(tl-tx)*1/[tl^4],0.00018782294189273477
[tx^2]*1/[(tg+tx)^4],0.00018707198526534077
[tl^3]*1/[(tg+tl)^4],0.0001862653232537444
1/[(tg-tx)^4]*1/[(tl-tx)^3],0.00018469414293591254
(tg-tx)*[tl^3],0.00018449908039356707
1/[(tl+tx)^2]*1/[(tl-tx)^3],0.00018348397512537578
[tg^2]*1/[(tl-tx)^2],0.00018314820525892412
[(tg+tl)^2]*1/[(tg+tx)^2],0.00018039544014401796
[tl^3]*1/(tl-tx),0.00018013182798041447
(tl-tx)*1/[(tl-tx)^3],0.00017998309926419505
(tg+tl)*[tx^3],0.0001799446412116952
[tx^4]*1/[tl^4],0.0001782142030808296
[tl^4]*[(tg-tl)^4],0.000177903660713746
[tg^3]*1/[(tl-tx)^3],0.00017743110887447706
[(tg+tx)^4]*[(tl-tx)^3],0.00017692870585535588
[tg^4]*[tx^2],0.00017690551103708362
[tl^4]*[(tl+tx)^3],0.00017596980672402568
[(tl-tx)^2]*1/[tg^3],0.00017588088834058024
1/(tl-tx)*1/[(tg+tx)^2],0.00017521617426777524
1/[tx^2]*1/[(tg+tx)^4],0.00017379126407686163
(tg+tx)*[(tg+tl)^2],0.00017377694859935821
[tx^3]*1/[tg^2],0.0001721468940087059
[(tg+tl)^2]*1/[tx^4],0.00017170106711372524
[(tl-tx)^3],0.00017111767481281672
tl*[(tg-tl)^3],0.00017020537688197665
1/(tl+tx)*1/[tg^4],0.0001692986924394494
1/[tx^3]*1/[(tl+tx)^2],0.00016878948628070957
[tx^2]*1/[(tl+tx)^2],0.00016765504446139494
(tl-tx)*1/(tl-tx),0.000167034110621842
[(tg+tl)^4]*1/[(tl-tx)^4],0.00016586292711357476
(tg+tl)*1/(tg-tx),0.00016550649167896205
[(tg-tl)^3]*1/[(tg-tx)^3],0.00016501674471879684
1/(tg-tx)*1/[(tg-tl)^4],0.00016501319441307005
tl*1/[(tg+tl)^2],0.00016401006397435784
[(tg-tx)^3]*1/tg,0.00016395241814233128
[tg^4]*1/[tg^2],0.00016325215140914533
(tg-tx)*1/[(tl+tx)^2],0.0001631044509516622
[(tg+tx)^3]*1/(tg-tl),0.00016296713687686984
1/(tg+tl)*1/[(tg-tx)^4],0.00016249385823986767
[tg^4]*[(tg+tx)^4],0.00016187353912345913
1/[tx^4]*1/[(tl+tx)^2],0.00016162209975981352
[(tg-tl)^2]*1/[(tl-tx)^4],0.00016140854840025837
[(tg-tx)^2]*1/[tg^2],0.00016070509188780067
(tg-tx)*[tx^4],0.0001602652363506678
[(tl+tx)^2]*1/[(tl-tx)^4],0.00015978393549988232
[(tg-tl)^2]*[(tg-tx)^4],0.00015896527764474168
tg*1/[(tg-tx)^3],0.0001584344956554887
(tg-tx)*1/tl,0.00015722205768729507
[(tg+tl)^3]*1/[(tg-tl)^4],0.00015707123611214432
[tx^2]*1/[tl^3],0.00015626870391053654
[(tl+tx)^3]*1/[tg^3],0.00015569026568670828
1/(tl-tx)*1/[(tg-tx)^2],0.00015568746502503698
[(tg-tx)^2]*1/[(tl-tx)^3],0.0001552762717951558
[(tl-tx)^4]*1/[(tl-tx)^4],0.00015439699496513177
1/[(tg+tl)^2]*1/[(tl-tx)^3],0.00015284963877682154
[(tl-tx)^4]*1/(tl+tx),0.00015124853464918922
[(tl-tx)^2]*1/tl,0.00015007109045624302
[(tl-tx)^2]*1/(tg-tx),0.00014948232049113273
[tl^2]*1/[(tl-tx)^4],0.00014858223942826416
tl*[(tg-tx)^2],0.0001482004171720849
1/[(tg+tl)^4]*1/[(tl-tx)^4],0.00014744667337456826
[tg^4]*1/[(tg+tl)^3],0.0001465720994011182
[(tg+tx)^4]*1/(tl-tx),0.00014648063697633005
[tg^2]*1/[tg^4],0.0001459657624977562
[(tg+tx)^2]*1/[(tg+tx)^2],0.00014526873352945082
1/tx*1/(tl-tx),0.0001439472923982433
[(tl+tx)^3]*1/[(tg-tl)^4],0.0001432761668897811
(tg-tl)*1/tg,0.00014262292923821263
[tx^3]*[(tg+tl)^4],0.0001423704565383575
[(tl+tx)^2]*1/[(tg-tx)^4],0.00014216982425466933
tx*[(tl-tx)^4],0.0001421261916080853
1/[(tg-tx)^2]*1/[(tl+tx)^4],0.00014126025721157486
[(tl+tx)^4]*1/[(tg+tx)^3],0.00014077643328749647
1/(tg+tx)*1/[(tg+tx)^3],0.00014033521799172743
[tx^3]*1/[(tg+tx)^4],0.00013916355588676683
1/(tg-tx)*1/(tl-tx),0.00013836220598950372
[tl^2]*1/(tg+tx),0.000137048815575926
1/(tl+tx)*1/[(tl+tx)^4],0.0001367326296304126
[(tg+tx)^4]*1/[tg^3],0.00013626216091596627
1/[(tg+tx)^3]*1/[(tl-tx)^3],0.00013575040156056325
[tl^4],0.00013464665987810863
1/(tl+tx)*1/[(tl+tx)^2],0.00013461365417722558
[(tl-tx)^4]*1/[tl^3],0.00013433012457870355
(tg-tl)*[(tl+tx)^3],0.00013428916541059898
(tl+tx)*1/(tg+tx),0.00013291972126120238
[(tg-tl)^4]*1/[tg^3],0.00013279848038040911
tl*[(tg-tx)^3],0.00013197632545871438
(tl+tx)*1/[(tl+tx)^4],0.00013175430562317066
[(tg-tl)^3]*1/[tl^4],0.00013160862789327372
[tx^3]*1/[(tl-tx)^2],0.00013159576269722043
(tg-tx)*[(tl-tx)^3],0.00013132536096490245
[tx^3]*[(tg-tx)^2],0.00013072050976871
[(tg-tl)^3]*[(tg-tx)^3],0.00012959236770734882
[tg^3]*1/[(tg-tx)^3],0.00012891828690017167
(tg-tx)*1/[(tl+tx)^3],0.00012874635286730634
(tl+tx)*[(tl+tx)^4],0.00012854705837771676
[(tg-tx)^4]*1/[(tl+tx)^2],0.00012803064736623753
(tg-tl)*1/[(tg+tx)^2],0.00012774899212565047
tx*[(tg+tx)^2],0.00012756403850642376
[tl^3],0.0001265482684265953
1/[tx^4]*1/[(tl-tx)^2],0.0001265329095383745
[(tg-tl)^4]*1/[(tg+tl)^4],0.0001264559954742253
tg*1/[tg^3],0.00012605046878808919
(tg+tx)*[(tg-tx)^2],0.00012524339329414894
1/[(tg-tx)^2]*1/[(tl-tx)^3],0.00012514812796203393
[tg^4]*[(tl+tx)^4],0.00012469508179151383
tg*[(tg-tx)^2],0.00012466522118941697
[tl^2]*[(tl+tx)^4],0.0001245575713152308
[tx^2]*[(tl+tx)^4],0.0001236884130244253
[tg^3]*[tx^2],0.00012299522320109835
[(tg+tl)^4]*[(tg-tx)^2],0.00012116230088769446
[(tg+tl)^4]*1/[(tl+tx)^2],0.00012104116875665475
[(tg-tl)^2]*1/[(tg+tl)^3],0.00012063720255004021
1/tg*1/[(tl-tx)^4],0.00011986062260694135
(tg+tx)*[(tl+tx)^4],0.00011907938444925444
tx*1/(tg+tx),0.0001184166589947361
[(tg+tl)^3]*1/[(tg+tl)^4],0.00011830506078672232
[tx^2]*[(tg+tx)^4],0.00011818773381608346
(tg-tl)*1/[(tg+tx)^3],0.00011787486371799646
1/(tg-tl)*1/[(tg+tx)^3],0.0001178715166102873
(tg-tx)*1/(tg+tl),0.0001176692761321989
1/[(tg-tl)^2]*1/[(tl-tx)^2],0.0001173464151752692
[tx^4]*[(tg+tl)^3],0.00011715656153360305
[(tg-tx)^4]*1/tx,0.00011683244177046652
[(tl+tx)^4]*1/[tl^3],0.00011451848997399184
(tg+tl)*1/(tl-tx),0.00011423499858694049
(tg+tl)*[(tg-tl)^2],0.00011310000749158585
1/tg*1/[(tg+tl)^3],0.00011292022990568399
[(tg+tl)^2]*1/[(tl-tx)^2],0.00011197267610330343
1/(tl+tx)*1/[tl^3],0.00011182743273947929
[tx^4]*[(tg-tx)^3],0.00011129954624917754
(tg-tx)*[(tg+tx)^4],0.00011110961839714073
(tl+tx)*[tx^4],0.00011109410178907629
[tl^3]*1/(tg+tl),0.00011076686202425198
1/(tg+tx)*1/[tx^4],0.00011054921105441913
[(tl-tx)^3]*1/[(tl+tx)^3],0.00011011041396193907
[tx^4]*1/tl,0.00010990389468451676
tg*[tl^3],0.00010940921406654938
[(tl-tx)^3]*1/(tl+tx),0.00010915663012878159
1/(tl-tx)*1/[(tg+tx)^4],0.00010836830452368863
1/(tg+tl)*1/[tg^2],0.00010814482936427459
[(tg+tl)^2]*1/[(tg-tx)^4],0.00010781321231426082
(tg+tx)*[(tg+tx)^2],0.00010735358093798801
[tx^2]*1/[tl^2],0.0001072105159450029
[(tl+tx)^4]*1/[(tg+tx)^4],0.00010611323027825635
1/(tg+tl)*1/[(tg-tl)^3],0.00010578234987296346
(tg+tx)*1/(tg+tl),0.00010540846949051274
(tl+tx)*[(tl-tx)^2],0.00010505292357426833
(tg-tx)*[tx^3],0.00010446914065703271
[(tg+tl)^2]*1/[(tl+tx)^4],0.00010388625961108557
(tg-tx)*[(tl-tx)^2],0.00010376869049052946
(tg+tl)*1/[(tl-tx)^2],0.00010373202330708618
[tl^3]*1/[(tg+tl)^2],0.00010346685830069467
1/(tg-tx)*1/[(tl+tx)^4],0.00010252003740043032
1/(tg-tx)*1/[tx^4],0.00010246487553191506
1/(tl-tx)*1/[tx^4],0.00010170351097059465
[tl^3]*[(tg-tl)^3],0.00010040694506407885
[(tl+tx)^3]*1/[tg^4],0.0001001973328968304
(tg-tl)*(tl-tx),0.00010010040990904821
[tg^2]*1/[(tg+tl)^4],9.996217482231892e-05
1/[(tg+tl)^4],9.981219216326554e-05
[(tl-tx)^3]*[(tl-tx)^4],9.891946242388466e-05
[tl^2]*1/[(tg+tx)^2],9.841669991798582e-05
1/[tl^2]*1/[tx^4],9.830609465604933e-05
1/(tg-tl)*1/[(tl-tx)^4],9.813399497208477e-05
1/[tg^4]*1/[tx^2],9.784469905889358e-05
[tl^2]*[tx^3],9.681720896317109e-05
1/[(tg-tl)^4]*1/[(tl-tx)^4],9.673153116197636e-05
[(tl-tx)^3]*1/[(tl+tx)^2],9.655828592296677e-05
[tl^4]*1/[(tl-tx)^2],9.615727294699294e-05
1/[tx^3]*1/[(tg-tx)^2],9.52322640125535e-05
(tg-tl)*1/[tx^3],9.49333173269396e-05
1/[tl^4],9.342923156344662e-05
[(tg-tl)^3]*1/[tl^2],9.334531298317933e-05
[(tg-tl)^3]*1/[(tl-tx)^3],9.323072713696614e-05
[(tg+tx)^4]*[(tl-tx)^2],9.274063719213805e-05
[(tl+tx)^4]*1/[(tg-tx)^2],9.2664320281932e-05
1/[tl^3]*1/[(tg+tx)^2],9.245908652864466e-05
1/[tg^4]*1/[tl^3],9.241359193607464e-05
(tg+tl)*(tg-tx),9.15134040852862e-05
[tl^4]*1/[(tg-tx)^3],9.116714163216195e-05
[tx^3]*1/(tl+tx),9.100635119133265e-05
1/[tg^3]*1/[(tg-tx)^2],9.0816574346919e-05
1/tx*1/[tg^2],9.07959598125076e-05
[tl^3]*1/tx,9.077097942597644e-05
1/[tx^3]*1/[(tg+tx)^3],9.059872904421293e-05
[(tg-tl)^4]*[(tl+tx)^4],9.05347212965617e-05
[(tg+tx)^3]*[(tl-tx)^4],9.026871939370445e-05
(tl+tx)*[tx^3],9.001195387369618e-05
1/[tg^2]*1/[tl^3],8.97323997610264e-05
[(tg+tl)^2]*1/[(tg-tl)^2],8.905208135770313e-05
[tx^2]*[(tg-tl)^4],8.894227953333965e-05
1/tx*1/[(tg+tx)^3],8.880272266003658e-05
tl*1/[tx^4],8.869230625515909e-05
[(tl-tx)^2]*1/[(tl-tx)^3],8.833358704910947e-05
1/[tl^3]*1/[(tl-tx)^4],8.708714647614983e-05
tx*[tg^2],8.684978785101729e-05
(tl-tx)*1/[tg^2],8.681204371133056e-05
1/[tg^2]*1/[tx^2],8.679743793410851e-05
[(tg-tx)^2]*1/tg,8.660088714239135e-05
[(tl+tx)^4]*1/[tx^3],8.659967610641706e-05
[tg^4]*[(tl-tx)^2],8.639020545730624e-05
[(tl-tx)^4]*1/[(tg+tx)^3],8.601333982561214e-05
(tg-tx)*1/[tg^4],8.552080234140465e-05
[tl^2]*[(tg-tx)^3],8.544020033768941e-05
[(tg-tx)^3]*1/[(tg-tl)^2],8.486845018848656e-05
1/[(tl+tx)^4]*1/[(tl-tx)^3],8.485496198469554e-05
[tg^4]*1/[(tl-tx)^4],8.427405937899075e-05
(tg-tl)*1/(tg-tl),8.421278314986679e-05
1/tg*1/[tx^4],8.4042411042293e-05
[tg^3]*1/[(tl+tx)^4],8.403333286283515e-05
[(tg-tl)^2]*1/[tx^3],8.391095706474758e-05
1/(tg-tl)*1/[tx^4],8.338977707104642e-05
[(tl+tx)^3]*1/tl,8.31961536328025e-05
[(tg-tx)^2]*1/tl,8.292846909009202e-05
1/(tl+tx)*1/[(tg-tl)^4],8.2040922892959e-05
1/(tg+tx)*1/[tg^3],8.164437124833246e-05
[(tg+tx)^2]*1/[(tg+tl)^3],8.035180598787584e-05
(tg-tl)*[(tg+tx)^3],8.034963802131407e-05
[tl^3]*[(tl-tx)^2],8.00373255771219e-05
1/tx*1/(tg+tx),7.948931393212424e-05
1/[tg^4]*1/[(tg+tx)^3],7.934560964218734e-05
(tg+tl)*1/[(tg-tl)^3],7.910527747406972e-05
tx*1/[(tl+tx)^3],7.907069164395176e-05
1/[tx^3]*1/[(tl-tx)^2],7.906226652299043e-05
1/[tl^3]*1/[(tl+tx)^3],7.802367440846177e-05
tx*1/(tl-tx),7.761037789582188e-05
[(tg+tl)^3]*1/[(tl+tx)^3],7.731286936494038e-05
[tg^4]*1/[tl^4],7.697573414441867e-05
[tg^4]*1/[tx^2],7.618272889766698e-05
[tl^4]*1/[(tl-tx)^3],7.538121831414136e-05
[(tg+tl)^3]*1/[(tl-tx)^3],7.504626621438048e-05
1/[tl^2]*1/[(tl-tx)^3],7.488878305938532e-05
[(tg-tl)^2]*1/[(tg-tl)^4],7.402943773509075e-05
[(tl-tx)^4]*1/[tx^2],7.39921955434008e-05
[tx^2]*1/[tl^4],7.390613431828957e-05
[(tg-tl)^3]*[(tl+tx)^4],7.24727572432396e-05
1/(tl-tx)*1/[(tg-tl)^3],7.24383464261055e-05
[tl^3]*1/[tg^4],7.227357253105234e-05
[(tg+tl)^4]*1/[(tg-tx)^3],7.185207546891907e-05
[(tg+tl)^3]*[(tg+tx)^3],7.066327042148745e-05
[(tg-tl)^3]*1/(tg+tl),7.047263943381693e-05
[(tg+tx)^2]*1/[(tl-tx)^3],7.018861985455759e-05
[(tl-tx)^3]*1/[(tg-tl)^3],7.013223559155427e-05
[(tl-tx)^3]*1/(tg-tl),6.825253001253532e-05
1/(tg-tx)*1/[tx^3],6.774297642814284e-05
1/(tg-tx)*1/(tl+tx),6.711286413275456e-05
[(tg-tx)^3]*1/[tx^4],6.682885672758418e-05
[(tl-tx)^2]*1/(tl+tx),6.649156384786687e-05
(tl+tx)*1/[(tg-tx)^2],6.63657468401156e-05
[(tg+tx)^3]*1/[(tg-tl)^3],6.529695509515296e-05
tl*1/[(tl-tx)^4],6.504535288994217e-05
(tg-tl)*[(tg+tl)^4],6.501178261202302e-05
(tg+tl)*1/[(tg+tx)^4],6.461310771401638e-05
[(tg+tx)^2]*1/[tl^3],6.43028809562773e-05
[tl^3]*1/[(tl-tx)^2],6.340818065329485e-05
1/[(tl+tx)^2]*1/[(tl+tx)^4],6.257689102381164e-05
tl*1/[tx^3],6.243942031895293e-05
1/[tg^4]*1/[(tl-tx)^3],6.204555616578803e-05
(tg+tx)*1/[(tg+tl)^2],6.140687602040586e-05
1/(tl-tx)*1/[tg^4],6.114998608540052e-05
tg*1/(tl-tx),6.112277703281892e-05
(tl-tx)*[(tg-tl)^2],6.106356368504353e-05
[(tg-tx)^2]*1/(tl-tx),6.084066552674758e-05
[(tg+tx)^4]*1/[(tl-tx)^3],6.0347496490865154e-05
[(tg+tl)^3]*1/[tl^4],6.023766675746322e-05
1/(tl+tx)*1/[tx^3],5.9463312028313076e-05
1/[tg^4]*1/[tx^3],5.8371030400206726e-05
[(tg+tx)^3]*1/[tl^4],5.829008053542955e-05
[tl^3]*[(tg-tx)^3],5.775310283851208e-05
1/[(tg-tl)^3]*1/[(tl-tx)^3],5.713511160121588e-05
[(tg+tl)^4]*1/[(tg+tx)^2],5.709698326832218e-05
[tx^2]*1/[tx^2],5.693887224999363e-05
[(tg+tl)^3]*1/[tx^3],5.6363372590796e-05
[(tl+tx)^4]*1/[(tl-tx)^2],5.606815162636356e-05
[tg^2]*[(tl+tx)^3],5.534707036048808e-05
(tg+tx)*1/(tg+tx),5.4540564188604055e-05
(tl-tx)*1/[tl^3],5.452062338573047e-05
[(tg-tl)^4]*[(tl-tx)^4],5.443831477326433e-05
1/(tg+tl)*1/[(tg+tx)^4],5.37370783210093e-05
1/[(tg+tl)^3]*1/[(tg+tx)^2],5.373240303064279e-05
1/(tl-tx)*1/[tx^3],5.365975617432188e-05
[(tg-tl)^2]*1/tl,5.2380167382362314e-05
1/(tl-tx)*1/[(tg+tl)^3],5.225819218322544e-05
[(tg+tx)^2]*1/[tx^3],5.2076346143687566e-05
[tx^3]*[(tg+tl)^3],5.198748496806896e-05
1/[tx^2]*1/[(tl-tx)^4],5.137832304898072e-05
1/[(tg+tl)^4]*1/[(tg+tx)^4],5.131258929554082e-05
(tg+tx)*1/[(tg-tx)^2],5.1245104679164034e-05
(tl+tx)*1/(tg-tx),5.0543163691396985e-05
[(tg-tl)^4]*1/[tx^3],5.0523903910305455e-05
1/(tg+tx),5.040642272273279e-05
tx*(tl+tx),4.9605484450278054e-05
1/(tg+tl)*1/[tl^4],4.893154791603449e-05
[tg^4]*[(tg+tl)^2],4.8661086877655935e-05
tx*1/[(tg-tl)^4],4.852712999900285e-05
[(tg-tx)^3]*1/[(tg+tl)^4],4.835925589611852e-05
[(tg+tx)^3]*[(tl+tx)^2],4.802472453991658e-05
1/(tg+tx)*1/[(tl-tx)^4],4.801859762160906e-05
(tg+tx)*1/[(tg-tl)^2],4.7108725425259634e-05
[tg^2]*[(tl-tx)^3],4.6935800406674056e-05
1/[(tg-tx)^3]*1/[(tl+tx)^4],4.570371668241582e-05
1/[(tg+tx)^2]*1/[(tg-tx)^4],4.5317709136721824e-05
[(tg-tx)^3]*1/[(tl+tx)^3],4.501156162855711e-05
1/(tl-tx)*1/[tx^2],4.492370738000429e-05
1/[(tg-tl)^3]*1/[(tg-tx)^3],4.479767500569071e-05
(tl-tx)*[(tl-tx)^3],4.425745052449613e-05
(tg-tx)*(tl-tx),4.399902007565893e-05
[tl^3]*1/(tg-tx),4.367432764552284e-05
1/(tg-tl)*1/[tg^3],4.364620680677804e-05
[(tg-tl)^4]*[(tg-tx)^4],4.349078212815392e-05
[(tg+tl)^4]*1/[(tg+tx)^3],4.298618010665153e-05
1/[tl^2]*1/[(tg-tl)^3],4.227776242710305e-05
[(tl-tx)^2]*1/(tg-tl),4.2074941870149606e-05
1/(tl+tx)*1/[(tg+tl)^2],4.200947718851473e-05
1/(tg-tl)*1/[tl^3],4.142403401300476e-05
[(tg-tx)^3]*1/[(tg-tx)^3],4.136258873429284e-05
1/[(tl+tx)^4]*1/[(tl-tx)^4],4.1021092384064936e-05
[tg^4]*1/[(tl+tx)^2],4.0984998241114294e-05
[tg^3]*[(tl-tx)^4],4.052290118159771e-05
tx*1/[(tl-tx)^4],4.036784124904567e-05
[(tg+tx)^2]*1/(tg-tl),4.033622070915314e-05
[(tl+tx)^2]*1/tg,3.9723373304230944e-05
[(tg+tl)^3]*1/(tg-tx),3.9497103663427836e-05
[(tg-tl)^3]*1/[(tl-tx)^2],3.938861780816717e-05
1/[tl^3]*1/[(tg-tl)^3],3.934946746606194e-05
1/tg*1/tl,3.921019402875936e-05
1/[tg^2]*1/[tx^3],3.9181362862879924e-05
1/(tg-tl)*1/[(tg-tx)^4],3.912347575001544e-05
[tl^3]*1/(tl+tx),3.853900171800733e-05
(tl+tx)*1/[(tg+tx)^4],3.85041203016215e-05
[(tg+tl)^4]*1/[(tg-tx)^4],3.842641163218746e-05
1/[tg^2]*1/[(tl-tx)^2],3.838736991771686e-05
(tg-tx)*1/[(tg+tx)^4],3.8233827258904396e-05
1/[tx^2]*1/[(tg-tl)^2],3.823150270783783e-05
[(tg-tl)^2]*1/[(tg+tx)^2],3.7997442023148385e-05
1/[tl^3]*1/[(tg-tl)^4],3.748066728636082e-05
[tx^2]*[(tl+tx)^3],3.74334333315737e-05
[(tg+tl)^3]*1/(tl-tx),3.7215586929691455e-05
1/(tl-tx)*1/[(tg-tl)^4],3.625906797614232e-05
[(tg+tl)^3]*1/[(tg-tx)^3],3.622822042054322e-05
(tg+tl)*1/[(tg-tx)^4],3.614059603179392e-05
(tg-tx)*(tl+tx),3.594892650305533e-05
(tl+tx)*[(tg-tx)^4],3.5816501319735965e-05
[(tl-tx)^3]*1/[(tl-tx)^3],3.574881670930546e-05
[tl^3]*[tx^3],3.568758161402072e-05
[(tg+tl)^3]*1/[(tg-tl)^2],3.540557318614577e-05
[(tg+tx)^4]*1/tx,3.5262676664161744e-05
(tl-tx)*1/(tg+tx),3.488472420464627e-05
tx*1/[(tg+tx)^4],3.468384853299686e-05
1/tg*1/[(tg-tl)^3],3.395252690992079e-05
[(tg-tx)^3]*1/[tx^2],3.366855634354466e-05
(tg+tx)*1/[tl^4],3.332678167333347e-05
[(tg+tl)^2],3.3086647290615274e-05
[(tg+tl)^2]*1/[(tl+tx)^2],3.307481787023183e-05
1/(tg-tx)*1/[(tg-tx)^4],3.2796780189829546e-05
[tl^2]*[tx^2],3.2728692771198184e-05
tx*1/[(tg-tx)^3],3.261444478523354e-05
tg*(tg+tl),3.248375400746575e-05
(tl+tx)*1/[tl^3],3.121659139158679e-05
[tl^4]*1/(tg-tx),3.1106446412201486e-05
[(tg-tx)^3]*[(tl-tx)^3],3.08122259222566e-05
1/(tg-tx)*1/[(tg-tl)^3],3.0605402314076255e-05
[tg^2]*1/[(tl-tx)^3],3.050663800326084e-05
[(tg-tx)^2]*1/[(tl+tx)^2],3.028691808472588e-05
1/(tg-tx)*1/[tg^4],2.9735501591884993e-05
(tl-tx)*[(tg+tx)^4],2.954075019858756e-05
[(tl+tx)^3]*[(tl+tx)^4],2.9164739216362646e-05
(tg-tx)*1/[tl^4],2.847803966378918e-05
[tg^3]*[(tl-tx)^2],2.8319427945307535e-05
[(tg+tl)^3]*1/[tx^2],2.825829965866107e-05
[tl^3]*[(tl+tx)^3],2.7484928928011718e-05
[(tg-tx)^4]*1/[(tl+tx)^4],2.7365363473165506e-05
1/(tg-tx)*1/[(tg+tl)^2],2.71746267813477e-05
(tl-tx)*[(tg-tx)^3],2.643324424172432e-05
1/(tl-tx)*1/[(tl+tx)^4],2.613878146416295e-05
(tl-tx)*1/[tg^4],2.6015047065152886e-05
[(tg+tx)^3]*[(tl-tx)^2],2.5525825803709425e-05
[tx^2]*1/[(tg-tx)^3],2.4750713977113615e-05
1/[tx^4]*1/[(tg-tx)^2],2.4042363158348558e-05
1/[tl^3]*1/[(tl-tx)^3],2.3885020942261237e-05
1/[tg^3]*1/[(tg-tx)^4],2.3829750227876965e-05
[(tg-tl)^2]*1/[(tl+tx)^4],2.3758344830027066e-05
[(tl+tx)^4]*1/[(tg-tl)^3],2.365987559292055e-05
(tg+tx)*1/[(tg-tx)^4],2.34792199576633e-05
(tg-tl)*1/[(tg+tl)^2],2.3005457195356925e-05
[tg^2]*[(tl-tx)^2],2.283527582338809e-05
1/[tg^4]*1/[(tg+tl)^2],2.218891254166952e-05
[tg^2]*1/[(tg+tx)^2],2.1956964883909345e-05
[(tg-tl)^4]*1/(tg-tl),2.1950470790763567e-05
(tg+tl)*[(tl-tx)^2],2.0942174083908147e-05
tg*1/(tl+tx),2.045930228558088e-05
(tl-tx)*1/[tx^2],1.8650743211015997e-05
[tg^2]*[tx^3],1.8251244987386008e-05
[tg^3]*1/[(tg-tx)^2],1.7219261992721004e-05
[(tg+tl)^2]*1/tx,1.684021743792557e-05
(tl-tx)*1/[(tg+tx)^2],1.6572401142422353e-05
[(tg+tx)^4]*1/[(tg-tx)^4],1.6178744208730025e-05
[tl^4]*1/[(tg-tx)^4],1.6125389775045385e-05
1/tg*1/[(tg+tx)^4],1.5631135915821566e-05
(tl+tx)*1/[(tg-tx)^4],1.561743809090352e-05
(tl-tx)*1/(tg-tx),1.5544900757088803e-05
1/(tg-tl)*1/[(tg+tl)^4],1.5294488381655077e-05
[(tg+tx)^2]*1/[(tl+tx)^4],1.5046512641234153e-05
1/(tl+tx)*1/[tx^4],1.4587910670357335e-05
(tg+tx)*1/[tx^4],1.404705299251411e-05
tl*1/[tl^2],1.4038343938853941e-05
[(tg+tx)^3]*1/[tg^4],1.3486469045156359e-05
1/tg*1/(tl+tx),1.3345843052788294e-05
[(tl+tx)^3]*1/[tg^2],1.323434256109199e-05
(tg-tl)*[(tl-tx)^2],1.319345825300342e-05
[(tg+tl)^4]*[(tl+tx)^2],1.2646289706536405e-05
1/(tg-tl)*1/[(tl+tx)^2],1.2492667825655368e-05
1/(tg+tx)*1/[(tl+tx)^2],1.2262985137369782e-05
[tx^4]*1/[tl^3],1.1426855266433293e-05
(tg+tx)*1/(tl-tx),1.1093634130573684e-05
(tg-tl)*1/[tx^2],1.0655723332064423e-05
tg*[(tg-tx)^3],1.0579627577825763e-05
(tl+tx)*[(tg-tx)^3],9.599759973356212e-06
1/[tg^4]*1/[(tg+tl)^3],8.864971560467796e-06
[tg^2]*[(tg+tl)^2],8.560727175305979e-06
1/[tx^2]*1/[(tl-tx)^3],8.160703679981004e-06
1/(tg+tl)*1/[(tl+tx)^2],8.143517701691295e-06
tl*[(tl-tx)^2],8.109524772803864e-06
[(tg+tx)^3]*1/[tl^2],8.058448448027046e-06
[(tl-tx)^3]*1/[(tl+tx)^4],7.947546514758379e-06
(tg+tx)*[(tl-tx)^3],7.770768898799946e-06
[tl^2]*[(tg+tx)^3],7.763980404177642e-06
tx*[(tg+tl)^4],7.510473184629217e-06
[(tg-tx)^4]*1/[(tg+tx)^2],7.217021896437319e-06
1/[tx^2]*1/[(tl+tx)^2],7.0969634577767985e-06
[(tl+tx)^2]*1/(tl-tx),7.082517926781092e-06
[(tg-tl)^2]*[(tg-tx)^2],6.362896156053726e-06
1/[tx^3]*1/[(tl+tx)^3],6.2596069066739625e-06
[(tl+tx)^2]*1/tl,6.249551405781149e-06
[(tg+tl)^4]*[(tg+tx)^3],6.212194495481564e-06
[(tl+tx)^2]*1/[tx^2],5.519402879520508e-06
[tl^3]*1/[(tg-tl)^4],5.467448589727391e-06
[(tg+tl)^3]*[(tg-tl)^2],5.392937084007879e-06
1/tl*1/[(tl+tx)^3],5.252035662121278e-06
tg*1/tx,4.047530654831764e-06
(tg+tl)*1/(tg+tl),3.7886053719457874e-06
(tg+tl)*1/[(tl+tx)^2],3.5395595810017794e-06
1/(tg+tl)*1/[(tg+tx)^2],3.1656851200919076e-06
[(tg+tl)^2]*1/[(tg-tx)^2],2.7960507494701234e-06
[tx^3]*1/[(tl+tx)^3],2.7333389126373354e-06
(tg+tl)*1/[(tg-tx)^3],2.6763878567471e-06
[tx^3]*1/[(tg-tl)^4],2.651679811062427e-06
1/(tg+tx)*1/[(tg-tx)^3],2.6190282195354542e-06
[tg^2]*1/[tg^2],2.4444390540225686e-06
[tl^4]*[(tg-tx)^3],2.368167425953289e-06
[(tg+tx)^3]*[(tl+tx)^4],2.1381717417637383e-06
[(tl+tx)^2]*1/(tg-tl),1.9561218055101468e-06
[tg^4]*[(tg+tx)^2],1.3890613779085863e-06
[tx^4]*1/[tg^2],8.761357875045598e-07
[(tl-tx)^4]*1/[tl^4],8.479016561224415e-07
[(tg-tl)^3]*1/[(tg-tl)^3],8.424307909449096e-07
[tg^3]*[tx^3],5.923946288823742e-07
[(tg+tl)^4]*[(tg-tl)^2],4.1904841216922103e-07
[(tg+tl)^2]*1/(tl-tx),3.342838997203369e-07
(tg+tl)*1/(tg-tl),2.9769460530339376e-08
(tl-tx)*[(tl-tx)^2],2.5257250935105e-08
